

{
    "Version": "2012-10-17",
    "Statement" : [
      {
        "Principal" : "*",
        "Action": [ 
          "s3:*"
        ],
        "Effect": "Allow",
        "Resource": [
          "arn:aws:s3:::${bucket}",
          "arn:aws:s3:::${bucket}/*"
        ]
      },
      {
        "Sid": "PublicReadGetObject",
        "Principal" : "*",
        "Action": [
          "s3:GetObject"
        ],
        "Effect": "Allow",
        "Resource": [
          "arn:aws:s3:::${bucket}",
          "arn:aws:s3:::${bucket}/*"
        ]
      }
    ]
}